"identifier","title","indicator","description","dimension","unitName","unitType","periodicity","periodType","sourceRef","codeESRS","codeGRI","codeGRI_expanded","evidencePath","sourceRow","owner","accessRights","validationMethod","doubleMateriality","valueType"
"urn:sds:reg:esrs:e1_5_01","Total energy consumption related to own operations","Total energy consumption related to own operations","Disclose total energy consumption related to own operations in MWh.","E","MWh","Energy","annual","fiscal_year","ESRS IG3 workbook + 2024-12-20 addendum E1-5_01","E1-5_01","","","","1","system","Public","sds_demo_package","","numeric"
"urn:sds:reg:esrs:e1_5_02","Total energy consumption from fossil sources","Total energy consumption from fossil sources","Disclose total energy consumption from fossil sources in MWh.","E","MWh","Energy","annual","fiscal_year","ESRS IG3 workbook + 2024-12-20 addendum E1-5_02","E1-5_02","","","","2","system","Public","sds_demo_package","","numeric"
"urn:sds:reg:esrs:e1_5_03","Total energy consumption from nuclear sources","Total energy consumption from nuclear sources","Disclose total energy consumption from nuclear sources in MWh.","E","MWh","Energy","annual","fiscal_year","ESRS IG3 workbook + 2024-12-20 addendum E1-5_03","E1-5_03","","","","3","system","Public","sds_demo_package","","numeric"
"urn:sds:reg:esrs:e1_5_04","Percentage of energy consumption from nuclear sources in total energy consumption","Percentage of energy consumption from nuclear sources in total energy consumption","Disclose the percentage of nuclear energy consumption in total energy consumption.","E","percent","Percentage","annual","fiscal_year","ESRS IG3 workbook + 2024-12-20 addendum E1-5_04","E1-5_04","","","","4","system","Public","sds_demo_package","","numeric"
"urn:sds:reg:esrs:e1_5_05","Total energy consumption from renewable sources","Total energy consumption from renewable sources","Disclose total energy consumption from renewable sources in MWh.","E","MWh","Energy","annual","fiscal_year","ESRS IG3 workbook + 2024-12-20 addendum E1-5_05","E1-5_05","","","","5","system","Public","sds_demo_package","","numeric"
"urn:sds:reg:esrs:e1_5_06","Fuel consumption from renewable sources","Fuel consumption from renewable sources","Disclose fuel consumption from renewable sources in MWh.","E","MWh","Energy","annual","fiscal_year","ESRS IG3 workbook + 2024-12-20 addendum E1-5_06","E1-5_06","","","","6","system","Public","sds_demo_package","","numeric"
"urn:sds:reg:esrs:e1_5_07","Consumption of purchased or acquired electricity, heat, steam, and cooling from renewable sources","Consumption of purchased or acquired electricity, heat, steam, and cooling from renewable sources","Disclose consumption of purchased or acquired electricity, heat, steam and cooling from renewable sources in MWh.","E","MWh","Energy","annual","fiscal_year","ESRS IG3 workbook + 2024-12-20 addendum E1-5_07","E1-5_07","","","","7","system","Public","sds_demo_package","","numeric"
"urn:sds:reg:esrs:e1_5_08","Consumption of self-generated non-fuel renewable energy","Consumption of self-generated non-fuel renewable energy","Disclose consumption of self-generated non-fuel renewable energy in MWh.","E","MWh","Energy","annual","fiscal_year","ESRS IG3 workbook + 2024-12-20 addendum E1-5_08","E1-5_08","","","","8","system","Public","sds_demo_package","","numeric"
"urn:sds:reg:esrs:e1_5_09","Percentage of renewable sources in total energy consumption","Percentage of renewable sources in total energy consumption","Disclose the percentage of renewable sources in total energy consumption.","E","percent","Percentage","annual","fiscal_year","ESRS IG3 workbook + 2024-12-20 addendum E1-5_09","E1-5_09","","","","9","system","Public","sds_demo_package","","numeric"
"urn:sds:reg:esrs:e1_5_10","Fuel consumption from coal and coal products","Fuel consumption from coal and coal products","Disclose fuel consumption from coal and coal products in MWh.","E","MWh","Energy","annual","fiscal_year","ESRS IG3 workbook + 2024-12-20 addendum E1-5_10","E1-5_10","","","","10","system","Public","sds_demo_package","","numeric"
"urn:sds:reg:esrs:e1_5_11","Fuel consumption from crude oil and petroleum products","Fuel consumption from crude oil and petroleum products","Disclose fuel consumption from crude oil and petroleum products in MWh.","E","MWh","Energy","annual","fiscal_year","ESRS IG3 workbook + 2024-12-20 addendum E1-5_11","E1-5_11","","","","11","system","Public","sds_demo_package","","numeric"
"urn:sds:reg:esrs:e1_5_12","Fuel consumption from natural gas","Fuel consumption from natural gas","Disclose fuel consumption from natural gas in MWh.","E","MWh","Energy","annual","fiscal_year","ESRS IG3 workbook + 2024-12-20 addendum E1-5_12","E1-5_12","","","","12","system","Public","sds_demo_package","","numeric"
"urn:sds:reg:esrs:e1_5_13","Fuel consumption from other fossil sources","Fuel consumption from other fossil sources","Disclose fuel consumption from other fossil sources in MWh.","E","MWh","Energy","annual","fiscal_year","ESRS IG3 workbook + 2024-12-20 addendum E1-5_13","E1-5_13","","","","13","system","Public","sds_demo_package","","numeric"
"urn:sds:reg:esrs:e1_5_14","Consumption of purchased or acquired electricity, heat, steam, or cooling from fossil sources","Consumption of purchased or acquired electricity, heat, steam, or cooling from fossil sources","Disclose consumption of purchased or acquired electricity, heat, steam or cooling from fossil sources in MWh.","E","MWh","Energy","annual","fiscal_year","ESRS IG3 workbook + 2024-12-20 addendum E1-5_14","E1-5_14","","","","14","system","Public","sds_demo_package","","numeric"
"urn:sds:reg:esrs:e1_5_15","Percentage of fossil sources in total energy consumption","Percentage of fossil sources in total energy consumption","Disclose the percentage of fossil sources in total energy consumption.","E","percent","Percentage","annual","fiscal_year","ESRS IG3 workbook + 2024-12-20 addendum E1-5_15","E1-5_15","","","","15","system","Public","sds_demo_package","","numeric"
"urn:sds:reg:esrs:e1_5_16","Non-renewable energy production","Non-renewable energy production","Disclose non-renewable energy production in MWh where applicable.","E","MWh","Energy","annual","fiscal_year","ESRS IG3 workbook + 2024-12-20 addendum E1-5_16","E1-5_16","","","","16","system","Public","sds_demo_package","","numeric"
"urn:sds:reg:esrs:e1_5_17","Renewable energy production","Renewable energy production","Disclose renewable energy production in MWh where applicable.","E","MWh","Energy","annual","fiscal_year","ESRS IG3 workbook + 2024-12-20 addendum E1-5_17","E1-5_17","","","","17","system","Public","sds_demo_package","","numeric"
"urn:sds:reg:esrs:e1_5_18","Energy intensity from activities in high climate impact sectors","Energy intensity from activities in high climate impact sectors","Disclose energy intensity from activities in high climate impact sectors as total energy consumption per net revenue.","E","MWh per currency","EnergyIntensity","annual","fiscal_year","ESRS IG3 workbook + 2024-12-20 addendum E1-5_18","E1-5_18","","","","18","system","Public","sds_demo_package","","numeric"
"urn:sds:reg:esrs:e1_5_20","High climate impact sectors used to determine energy intensity","High climate impact sectors used to determine energy intensity","Specify the high climate impact sectors used to determine energy intensity.","E","","Text","annual","fiscal_year","ESRS IG3 workbook + 2024-12-20 addendum E1-5_20","E1-5_20","","","","19","system","Public","sds_demo_package","","narrative"
"urn:sds:reg:esrs:e1_5_21","Reconciliation to financial statement line item or notes of net revenue from activities in high climate impact sectors","Reconciliation to financial statement line item or notes of net revenue from activities in high climate impact sectors","Disclose the reconciliation to the relevant line item or notes in the financial statements of net revenue from activities in high climate impact sectors.","E","","Text","annual","fiscal_year","ESRS IG3 workbook + 2024-12-20 addendum E1-5_21","E1-5_21","","","","20","system","Public","sds_demo_package","","narrative"
"urn:sds:reg:esrs:e1_5_22","Net revenue from activities in high climate impact sectors","Net revenue from activities in high climate impact sectors","Disclose net revenue from activities in high climate impact sectors used to calculate energy intensity.","E","Currency","Currency","annual","fiscal_year","ESRS IG3 workbook + 2024-12-20 addendum E1-5_22","E1-5_22","","","","21","system","Public","sds_demo_package","","numeric"
"urn:sds:reg:esrs:e1_5_23","Net revenue from activities other than in high climate impact sectors","Net revenue from activities other than in high climate impact sectors","Disclose net revenue from activities other than in high climate impact sectors when quantitative reconciliation is needed.","E","Currency","Currency","annual","fiscal_year","ESRS IG3 workbook + 2024-12-20 addendum E1-5_23","E1-5_23","","","","22","system","Public","sds_demo_package","","numeric"
