"concept","entity","period","period_start","period_end","external_key","value","unit","value_type","metadata_json"
"urn:sds:reg:esrs:e1_5_10","nh_group","2024-12-31","2024-01-01","2024-12-31","nordhaven-uc01:nh_group:e1_5_10:2024","68.339","MWh","numeric","{""dataset"":""synthetic NordHaven UC-01 demo"",""source"":""sds-demo-a23-v1""}"
"urn:sds:reg:esrs:e1_5_11","nh_group","2024-12-31","2024-01-01","2024-12-31","nordhaven-uc01:nh_group:e1_5_11:2024","96.026","MWh","numeric","{""dataset"":""synthetic NordHaven UC-01 demo"",""source"":""sds-demo-a23-v1""}"
"urn:sds:reg:esrs:e1_5_12","nh_group","2024-12-31","2024-01-01","2024-12-31","nordhaven-uc01:nh_group:e1_5_12:2024","390.604","MWh","numeric","{""dataset"":""synthetic NordHaven UC-01 demo"",""source"":""sds-demo-a23-v1""}"
"urn:sds:reg:esrs:e1_5_13","nh_group","2024-12-31","2024-01-01","2024-12-31","nordhaven-uc01:nh_group:e1_5_13:2024","145.322","MWh","numeric","{""dataset"":""synthetic NordHaven UC-01 demo"",""source"":""sds-demo-a23-v1""}"
"urn:sds:reg:esrs:e1_5_14","nh_group","2024-12-31","2024-01-01","2024-12-31","nordhaven-uc01:nh_group:e1_5_14:2024","132.673","MWh","numeric","{""dataset"":""synthetic NordHaven UC-01 demo"",""source"":""sds-demo-a23-v1""}"
"urn:sds:reg:esrs:e1_5_06","nh_group","2024-12-31","2024-01-01","2024-12-31","nordhaven-uc01:nh_group:e1_5_06:2024","194.617","MWh","numeric","{""dataset"":""synthetic NordHaven UC-01 demo"",""source"":""sds-demo-a23-v1""}"
"urn:sds:reg:esrs:e1_5_07","nh_group","2024-12-31","2024-01-01","2024-12-31","nordhaven-uc01:nh_group:e1_5_07:2024","207.969","MWh","numeric","{""dataset"":""synthetic NordHaven UC-01 demo"",""source"":""sds-demo-a23-v1""}"
"urn:sds:reg:esrs:e1_5_08","nh_group","2024-12-31","2024-01-01","2024-12-31","nordhaven-uc01:nh_group:e1_5_08:2024","207.371","MWh","numeric","{""dataset"":""synthetic NordHaven UC-01 demo"",""source"":""sds-demo-a23-v1""}"
"urn:sds:reg:esrs:e1_5_03","nh_group","2024-12-31","2024-01-01","2024-12-31","nordhaven-uc01:nh_group:e1_5_03:2024","207.652","MWh","numeric","{""dataset"":""synthetic NordHaven UC-01 demo"",""source"":""sds-demo-a23-v1""}"
