identifier,source_ref,expected_title,observed_title,expected_dimension,observed_dimension,expected_indicator,observed_indicator,indicator_id,status,error
urn:sds:reg:esrs:bp_1_01,ESRS Official,Basis for preparation of sustainability statement,Basis for preparation of sustainability statement,Transversal,Transversal,Basis for preparation of sustainability statement,Basis for preparation of sustainability statement,urn:ngsi-ld:Indicator:Basis_for_preparation_of_sustainability_statement,success,
urn:sds:reg:gri:gri_101_1_a,GRI Official,"describe its policies or commitments to halt and reverse biodiversity loss, and how
these are informed by the 2050 Goals and 2030 Targets in the Kunming-Montreal Global
Biodiversity Framework;","describe its policies or commitments to halt and reverse biodiversity loss, and how
these are informed by the 2050 Goals and 2030 Targets in the Kunming-Montreal Global
Biodiversity Framework;",E,E,"describe its policies or commitments to halt and reverse biodiversity loss, and how
these are informed by the 2050 Goals and 2030 Targets in the Kunming-Montreal Global
Biodiversity Framework;","describe its policies or commitments to halt and reverse biodiversity loss, and how
these are informed by the 2050 Goals and 2030 Targets in the Kunming-Montreal Global
Biodiversity Framework;",urn:ngsi-ld:Indicator:describe_its_policies_or_commitments_to_halt_and_reverse_biodiversity_loss_and_how_these_are_inf,success,
urn:sds:reg:esrs:bp_1_02,ESRS Official,Scope of consolidation of consolidated sustainability statement is same as for financial statements,Scope of consolidation of consolidated sustainability statement is same as for financial statements,Transversal,Transversal,Scope of consolidation of consolidated sustainability statement is same as for financial statements,Scope of consolidation of consolidated sustainability statement is same as for financial statements,urn:ngsi-ld:Indicator:Scope_of_consolidation_of_consolidated_sustainability_statement_is_same_as_for_financial_stateme,success,
urn:sds:reg:gri:gri_101_1_b,GRI Official,"report the extent to which these policies or commitments apply to the organization’s
activities and to its business relationships;","report the extent to which these policies or commitments apply to the organization’s
activities and to its business relationships;",E,E,"report the extent to which these policies or commitments apply to the organization’s
activities and to its business relationships;","report the extent to which these policies or commitments apply to the organization’s
activities and to its business relationships;",urn:ngsi-ld:Indicator:report_the_extent_to_which_these_policies_or_commitments_apply_to_the_organization_s_activities_,success,
urn:sds:reg:esrs:bp_1_03,ESRS Official,Indication of subsidiary undertakings included in consolidation that are exempted from individual or consolidated sustainability reporting,Indication of subsidiary undertakings included in consolidation that are exempted from individual or consolidated sustainability reporting,Transversal,Transversal,Indication of subsidiary undertakings included in consolidation that are exempted from individual or consolidated sustainability reporting,Indication of subsidiary undertakings included in consolidation that are exempted from individual or consolidated sustainability reporting,urn:ngsi-ld:Indicator:Indication_of_subsidiary_undertakings_included_in_consolidation_that_are_exempted_from_individua,success,
urn:sds:reg:gri:gri_101_1_c,GRI Official,"report the goals and targets to halt and reverse biodiversity loss, whether they are
informed by scientific consensus, the base year, and the indicators used to evaluate
progress.","report the goals and targets to halt and reverse biodiversity loss, whether they are
informed by scientific consensus, the base year, and the indicators used to evaluate
progress.",E,E,"report the goals and targets to halt and reverse biodiversity loss, whether they are
informed by scientific consensus, the base year, and the indicators used to evaluate
progress.","report the goals and targets to halt and reverse biodiversity loss, whether they are
informed by scientific consensus, the base year, and the indicators used to evaluate
progress.",urn:ngsi-ld:Indicator:report_the_goals_and_targets_to_halt_and_reverse_biodiversity_loss_whether_they_are_informed_by_,success,
urn:sds:reg:esrs:bp_1_04,ESRS Official,Disclosure of extent to which sustainability statement covers upstream and downstream value chain,Disclosure of extent to which sustainability statement covers upstream and downstream value chain,Transversal,Transversal,Disclosure of extent to which sustainability statement covers upstream and downstream value chain,Disclosure of extent to which sustainability statement covers upstream and downstream value chain,urn:ngsi-ld:Indicator:Disclosure_of_extent_to_which_sustainability_statement_covers_upstream_and_downstream_value_chai,success,
urn:sds:reg:gri:gri_101_2_a,GRI Official,report how it applies the mitigation hierarchy by describing:,report how it applies the mitigation hierarchy by describing:,E,E,report how it applies the mitigation hierarchy by describing:,report how it applies the mitigation hierarchy by describing:,urn:ngsi-ld:Indicator:report_how_it_applies_the_mitigation_hierarchy_by_describing_,success,
urn:sds:reg:esrs:bp_1_05,ESRS Official,"Option to omit specific piece of information corresponding to intellectual property, know-how or results of innovation has been used","Option to omit specific piece of information corresponding to intellectual property, know-how or results of innovation has been used",Transversal,Transversal,"Option to omit specific piece of information corresponding to intellectual property, know-how or results of innovation has been used","Option to omit specific piece of information corresponding to intellectual property, know-how or results of innovation has been used",urn:ngsi-ld:Indicator:Option_to_omit_specific_piece_of_information_corresponding_to_intellectual_property_know-how_or_,success,
urn:sds:reg:gri:gri_101_2_a_i,GRI Official,actions taken to avoid negative impacts on biodiversity;,actions taken to avoid negative impacts on biodiversity;,E,E,actions taken to avoid negative impacts on biodiversity;,actions taken to avoid negative impacts on biodiversity;,urn:ngsi-ld:Indicator:actions_taken_to_avoid_negative_impacts_on_biodiversity_,success,
urn:sds:reg:esrs:bp_1_06,ESRS Official,Option allowed by Member State to omit disclosure of impending developments or matters in course of negotiation has been used,Option allowed by Member State to omit disclosure of impending developments or matters in course of negotiation has been used,Transversal,Transversal,Option allowed by Member State to omit disclosure of impending developments or matters in course of negotiation has been used,Option allowed by Member State to omit disclosure of impending developments or matters in course of negotiation has been used,urn:ngsi-ld:Indicator:Option_allowed_by_Member_State_to_omit_disclosure_of_impending_developments_or_matters_in_course,success,
urn:sds:reg:gri:gri_101_2_a_ii,GRI Official,actions taken to minimize negative impacts on biodiversity that were not avoided;,actions taken to minimize negative impacts on biodiversity that were not avoided;,E,E,actions taken to minimize negative impacts on biodiversity that were not avoided;,actions taken to minimize negative impacts on biodiversity that were not avoided;,urn:ngsi-ld:Indicator:actions_taken_to_minimize_negative_impacts_on_biodiversity_that_were_not_avoided_,success,
urn:sds:reg:esrs:bp_2_01,ESRS Official,Disclosure of definitions of medium- or long-term time horizons,Disclosure of definitions of medium- or long-term time horizons,Transversal,Transversal,Disclosure of definitions of medium- or long-term time horizons,Disclosure of definitions of medium- or long-term time horizons,urn:ngsi-ld:Indicator:Disclosure_of_definitions_of_medium-_or_long-term_time_horizons,success,
urn:sds:reg:gri:gri_101_2_a_iii,GRI Official,"actions taken to restore and rehabilitate affected ecosystems, including the goals
of the restoration and rehabilitation, and how stakeholders are engaged
throughout the restoration and rehabilitation actions;","actions taken to restore and rehabilitate affected ecosystems, including the goals
of the restoration and rehabilitation, and how stakeholders are engaged
throughout the restoration and rehabilitation actions;",E,E,"actions taken to restore and rehabilitate affected ecosystems, including the goals
of the restoration and rehabilitation, and how stakeholders are engaged
throughout the restoration and rehabilitation actions;","actions taken to restore and rehabilitate affected ecosystems, including the goals
of the restoration and rehabilitation, and how stakeholders are engaged
throughout the restoration and rehabilitation actions;",urn:ngsi-ld:Indicator:actions_taken_to_restore_and_rehabilitate_affected_ecosystems_including_the_goals_of_the_restora,success,
urn:sds:reg:esrs:bp_2_02,ESRS Official,Disclosure of reasons for applying different definitions of time horizons,Disclosure of reasons for applying different definitions of time horizons,Transversal,Transversal,Disclosure of reasons for applying different definitions of time horizons,Disclosure of reasons for applying different definitions of time horizons,urn:ngsi-ld:Indicator:Disclosure_of_reasons_for_applying_different_definitions_of_time_horizons,success,
urn:sds:reg:gri:gri_101_2_a_iv,GRI Official,actions taken to offset residual negative impacts on biodiversity;,actions taken to offset residual negative impacts on biodiversity;,E,E,actions taken to offset residual negative impacts on biodiversity;,actions taken to offset residual negative impacts on biodiversity;,urn:ngsi-ld:Indicator:actions_taken_to_offset_residual_negative_impacts_on_biodiversity_,success,
urn:sds:reg:esrs:bp_2_03,ESRS Official,Disclosure of metrics that include value chain data estimated using indirect sources,Disclosure of metrics that include value chain data estimated using indirect sources,Transversal,Transversal,Disclosure of metrics that include value chain data estimated using indirect sources,Disclosure of metrics that include value chain data estimated using indirect sources,urn:ngsi-ld:Indicator:Disclosure_of_metrics_that_include_value_chain_data_estimated_using_indirect_sources,success,
urn:sds:reg:gri:gri_101_2_a_v,GRI Official,transformative actions taken and additional conservation actions taken;,transformative actions taken and additional conservation actions taken;,E,E,transformative actions taken and additional conservation actions taken;,transformative actions taken and additional conservation actions taken;,urn:ngsi-ld:Indicator:transformative_actions_taken_and_additional_conservation_actions_taken_,success,
urn:sds:reg:esrs:bp_2_04,ESRS Official,Description of basis for preparation of metrics that include value chain data estimated using indirect sources,Description of basis for preparation of metrics that include value chain data estimated using indirect sources,Transversal,Transversal,Description of basis for preparation of metrics that include value chain data estimated using indirect sources,Description of basis for preparation of metrics that include value chain data estimated using indirect sources,urn:ngsi-ld:Indicator:Description_of_basis_for_preparation_of_metrics_that_include_value_chain_data_estimated_using_in,success,
urn:sds:reg:gri:gri_101_2_b,GRI Official,"with reference to 101-2-a-iii, report for each site with the most significant impacts on
biodiversity:","with reference to 101-2-a-iii, report for each site with the most significant impacts on
biodiversity:",E,E,"with reference to 101-2-a-iii, report for each site with the most significant impacts on
biodiversity:","with reference to 101-2-a-iii, report for each site with the most significant impacts on
biodiversity:",urn:ngsi-ld:Indicator:with_reference_to_101-2-a-iii_report_for_each_site_with_the_most_significant_impacts_on_biodiver,success,
urn:sds:reg:esrs:bp_2_05,ESRS Official,Description of resulting level of accuracy of metrics that include value chain data estimated using indirect sources,Description of resulting level of accuracy of metrics that include value chain data estimated using indirect sources,Transversal,Transversal,Description of resulting level of accuracy of metrics that include value chain data estimated using indirect sources,Description of resulting level of accuracy of metrics that include value chain data estimated using indirect sources,urn:ngsi-ld:Indicator:Description_of_resulting_level_of_accuracy_of_metrics_that_include_value_chain_data_estimated_us,success,
urn:sds:reg:gri:gri_101_2_b_i,GRI Official,the size in hectares of the area under restoration or rehabilitation;,the size in hectares of the area under restoration or rehabilitation;,E,E,the size in hectares of the area under restoration or rehabilitation;,the size in hectares of the area under restoration or rehabilitation;,urn:ngsi-ld:Indicator:the_size_in_hectares_of_the_area_under_restoration_or_rehabilitation_,success,
urn:sds:reg:esrs:bp_2_06,ESRS Official,Description of planned actions to improve accuracy in future of metrics that include value chain data estimated using indirect sources,Description of planned actions to improve accuracy in future of metrics that include value chain data estimated using indirect sources,Transversal,Transversal,Description of planned actions to improve accuracy in future of metrics that include value chain data estimated using indirect sources,Description of planned actions to improve accuracy in future of metrics that include value chain data estimated using indirect sources,urn:ngsi-ld:Indicator:Description_of_planned_actions_to_improve_accuracy_in_future_of_metrics_that_include_value_chain,success,
urn:sds:reg:gri:gri_101_2_b_ii,GRI Official,the size in hectares of the area restored or rehabilitated;,the size in hectares of the area restored or rehabilitated;,E,E,the size in hectares of the area restored or rehabilitated;,the size in hectares of the area restored or rehabilitated;,urn:ngsi-ld:Indicator:the_size_in_hectares_of_the_area_restored_or_rehabilitated_,success,
urn:sds:reg:esrs:bp_2_07,ESRS Official,Disclosure of quantitative metrics and monetary amounts disclosed that are subject to high level of measurement uncertainty,Disclosure of quantitative metrics and monetary amounts disclosed that are subject to high level of measurement uncertainty,Transversal,Transversal,Disclosure of quantitative metrics and monetary amounts disclosed that are subject to high level of measurement uncertainty,Disclosure of quantitative metrics and monetary amounts disclosed that are subject to high level of measurement uncertainty,urn:ngsi-ld:Indicator:Disclosure_of_quantitative_metrics_and_monetary_amounts_disclosed_that_are_subject_to_high_level,success,
urn:sds:reg:gri:gri_101_2_c,GRI Official,"with reference to 101-2-a-iv, report for each offset:","with reference to 101-2-a-iv, report for each offset:",E,E,"with reference to 101-2-a-iv, report for each offset:","with reference to 101-2-a-iv, report for each offset:",urn:ngsi-ld:Indicator:with_reference_to_101-2-a-iv_report_for_each_offset_,success,
urn:sds:reg:esrs:bp_2_08,ESRS Official,Disclosure of sources of measurement uncertainty,Disclosure of sources of measurement uncertainty,Transversal,Transversal,Disclosure of sources of measurement uncertainty,Disclosure of sources of measurement uncertainty,urn:ngsi-ld:Indicator:Disclosure_of_sources_of_measurement_uncertainty,success,
urn:sds:reg:gri:gri_101_2_c_i,GRI Official,the goals;,the goals;,E,E,the goals;,the goals;,urn:ngsi-ld:Indicator:the_goals_,success,
urn:sds:reg:esrs:bp_2_09,ESRS Official,"Disclosure of assumptions, approximations and judgements made in measurement","Disclosure of assumptions, approximations and judgements made in measurement",Transversal,Transversal,"Disclosure of assumptions, approximations and judgements made in measurement","Disclosure of assumptions, approximations and judgements made in measurement",urn:ngsi-ld:Indicator:Disclosure_of_assumptions_approximations_and_judgements_made_in_measurement,success,
urn:sds:reg:gri:gri_101_2_c_ii,GRI Official,the geographic location;,the geographic location;,E,E,the geographic location;,the geographic location;,urn:ngsi-ld:Indicator:the_geographic_location_,success,
urn:sds:reg:esrs:bp_2_10,ESRS Official,Explanation of changes in preparation and presentation of sustainability information and reasons for them,Explanation of changes in preparation and presentation of sustainability information and reasons for them,Transversal,Transversal,Explanation of changes in preparation and presentation of sustainability information and reasons for them,Explanation of changes in preparation and presentation of sustainability information and reasons for them,urn:ngsi-ld:Indicator:Explanation_of_changes_in_preparation_and_presentation_of_sustainability_information_and_reasons,success,
urn:sds:reg:gri:gri_101_2_c_iii,GRI Official,whether and how principles of good offset practices are met;,whether and how principles of good offset practices are met;,E,E,whether and how principles of good offset practices are met;,whether and how principles of good offset practices are met;,urn:ngsi-ld:Indicator:whether_and_how_principles_of_good_offset_practices_are_met_,success,
urn:sds:reg:esrs:bp_2_11,ESRS Official,Adjustment of comparative information for one or more prior periods is impracticable,Adjustment of comparative information for one or more prior periods is impracticable,Transversal,Transversal,Adjustment of comparative information for one or more prior periods is impracticable,Adjustment of comparative information for one or more prior periods is impracticable,urn:ngsi-ld:Indicator:Adjustment_of_comparative_information_for_one_or_more_prior_periods_is_impracticable,success,
urn:sds:reg:gri:gri_101_2_c_iv,GRI Official,whether and how the offset is certified or verified by a third party;,whether and how the offset is certified or verified by a third party;,E,E,whether and how the offset is certified or verified by a third party;,whether and how the offset is certified or verified by a third party;,urn:ngsi-ld:Indicator:whether_and_how_the_offset_is_certified_or_verified_by_a_third_party_,success,
urn:sds:reg:esrs:bp_2_12,ESRS Official,Disclosure of difference between figures disclosed in preceding period and revised comparative figures,Disclosure of difference between figures disclosed in preceding period and revised comparative figures,Transversal,Transversal,Disclosure of difference between figures disclosed in preceding period and revised comparative figures,Disclosure of difference between figures disclosed in preceding period and revised comparative figures,urn:ngsi-ld:Indicator:Disclosure_of_difference_between_figures_disclosed_in_preceding_period_and_revised_comparative_f,success,
urn:sds:reg:gri:gri_101_2_d,GRI Official,"list which of its sites with the most significant impacts on biodiversity have a
biodiversity management plan and explain why the other sites do not have a
management plan;","list which of its sites with the most significant impacts on biodiversity have a
biodiversity management plan and explain why the other sites do not have a
management plan;",E,E,"list which of its sites with the most significant impacts on biodiversity have a
biodiversity management plan and explain why the other sites do not have a
management plan;","list which of its sites with the most significant impacts on biodiversity have a
biodiversity management plan and explain why the other sites do not have a
management plan;",urn:ngsi-ld:Indicator:list_which_of_its_sites_with_the_most_significant_impacts_on_biodiversity_have_a_biodiversity_ma,success,
urn:sds:reg:esrs:bp_2_13,ESRS Official,Disclosure of nature of prior period material errors,Disclosure of nature of prior period material errors,Transversal,Transversal,Disclosure of nature of prior period material errors,Disclosure of nature of prior period material errors,urn:ngsi-ld:Indicator:Disclosure_of_nature_of_prior_period_material_errors,success,
urn:sds:reg:gri:gri_101_2_e,GRI Official,"describe how it enhances synergies and reduces trade-offs between actions taken to
manage its biodiversity and climate change impacts;","describe how it enhances synergies and reduces trade-offs between actions taken to
manage its biodiversity and climate change impacts;",E,E,"describe how it enhances synergies and reduces trade-offs between actions taken to
manage its biodiversity and climate change impacts;","describe how it enhances synergies and reduces trade-offs between actions taken to
manage its biodiversity and climate change impacts;",urn:ngsi-ld:Indicator:describe_how_it_enhances_synergies_and_reduces_trade-offs_between_actions_taken_to_manage_its_bi,success,
urn:sds:reg:esrs:bp_2_14,ESRS Official,Disclosure of corrections for prior periods included in sustainability statement,Disclosure of corrections for prior periods included in sustainability statement,Transversal,Transversal,Disclosure of corrections for prior periods included in sustainability statement,Disclosure of corrections for prior periods included in sustainability statement,urn:ngsi-ld:Indicator:Disclosure_of_corrections_for_prior_periods_included_in_sustainability_statement,success,
urn:sds:reg:gri:gri_101_2_f,GRI Official,"describe how it ensures that the actions taken to manage its impacts on biodiversity
avoid and minimize negative impacts and maximize positive impacts for stakeholders.","describe how it ensures that the actions taken to manage its impacts on biodiversity
avoid and minimize negative impacts and maximize positive impacts for stakeholders.",E,E,"describe how it ensures that the actions taken to manage its impacts on biodiversity
avoid and minimize negative impacts and maximize positive impacts for stakeholders.","describe how it ensures that the actions taken to manage its impacts on biodiversity
avoid and minimize negative impacts and maximize positive impacts for stakeholders.",urn:ngsi-ld:Indicator:describe_how_it_ensures_that_the_actions_taken_to_manage_its_impacts_on_biodiversity_avoid_and_m,success,
urn:sds:reg:esrs:bp_2_15,ESRS Official,Disclosure of why correction of prior period errors is not practicable,Disclosure of why correction of prior period errors is not practicable,Transversal,Transversal,Disclosure of why correction of prior period errors is not practicable,Disclosure of why correction of prior period errors is not practicable,urn:ngsi-ld:Indicator:Disclosure_of_why_correction_of_prior_period_errors_is_not_practicable,success,
urn:sds:reg:gri:gri_101_3_a,GRI Official,"describe the process to ensure compliance with access and benefit-sharing
regulations and measures;","describe the process to ensure compliance with access and benefit-sharing
regulations and measures;",E,E,"describe the process to ensure compliance with access and benefit-sharing
regulations and measures;","describe the process to ensure compliance with access and benefit-sharing
regulations and measures;",urn:ngsi-ld:Indicator:describe_the_process_to_ensure_compliance_with_access_and_benefit-sharing_regulations_and_measur,success,
urn:sds:reg:esrs:bp_2_16,ESRS Official,Disclosure of other legislation or generally accepted sustainability reporting standards and frameworks based on which information has been included in sustainability statement,Disclosure of other legislation or generally accepted sustainability reporting standards and frameworks based on which information has been included in sustainability statement,Transversal,Transversal,Disclosure of other legislation or generally accepted sustainability reporting standards and frameworks based on which information has been included in sustainability statement,Disclosure of other legislation or generally accepted sustainability reporting standards and frameworks based on which information has been included in sustainability statement,urn:ngsi-ld:Indicator:Disclosure_of_other_legislation_or_generally_accepted_sustainability_reporting_standards_and_fra,success,
urn:sds:reg:gri:gri_101_3_b,GRI Official,"describe voluntary actions taken to advance access and benefit-sharing that are
additional to legal obligations or when there are no regulations and measures.","describe voluntary actions taken to advance access and benefit-sharing that are
additional to legal obligations or when there are no regulations and measures.",E,E,"describe voluntary actions taken to advance access and benefit-sharing that are
additional to legal obligations or when there are no regulations and measures.","describe voluntary actions taken to advance access and benefit-sharing that are
additional to legal obligations or when there are no regulations and measures.",urn:ngsi-ld:Indicator:describe_voluntary_actions_taken_to_advance_access_and_benefit-sharing_that_are_additional_to_le,success,
urn:sds:reg:esrs:bp_2_17,ESRS Official,Disclosure of reference to paragraphs of standard or framework applied,Disclosure of reference to paragraphs of standard or framework applied,Transversal,Transversal,Disclosure of reference to paragraphs of standard or framework applied,Disclosure of reference to paragraphs of standard or framework applied,urn:ngsi-ld:Indicator:Disclosure_of_reference_to_paragraphs_of_standard_or_framework_applied,success,
urn:sds:reg:gri:gri_101_4_a,GRI Official,"explain how it has determined which of its sites and which products and services in its
supply chain have the most significant actual and potential impacts on biodiversity.","explain how it has determined which of its sites and which products and services in its
supply chain have the most significant actual and potential impacts on biodiversity.",E,E,"explain how it has determined which of its sites and which products and services in its
supply chain have the most significant actual and potential impacts on biodiversity.","explain how it has determined which of its sites and which products and services in its
supply chain have the most significant actual and potential impacts on biodiversity.",urn:ngsi-ld:Indicator:explain_how_it_has_determined_which_of_its_sites_and_which_products_and_services_in_its_supply_c,success,
urn:sds:reg:esrs:bp_2_18,ESRS Official,European standards approved by European Standardisation System (ISO/IEC or CEN/CENELEC standards) have been relied on,European standards approved by European Standardisation System (ISO/IEC or CEN/CENELEC standards) have been relied on,Transversal,Transversal,European standards approved by European Standardisation System (ISO/IEC or CEN/CENELEC standards) have been relied on,European standards approved by European Standardisation System (ISO/IEC or CEN/CENELEC standards) have been relied on,urn:ngsi-ld:Indicator:European_standards_approved_by_European_Standardisation_System_ISO_IEC_or_CEN_CENELEC_standards_,success,
urn:sds:reg:gri:gri_101_5_a,GRI Official,report the location and size in hectares of its sites with the most significant impacts on biodiversity;,report the location and size in hectares of its sites with the most significant impacts on biodiversity;,E,E,report the location and size in hectares of its sites with the most significant impacts on biodiversity;,report the location and size in hectares of its sites with the most significant impacts on biodiversity;,urn:ngsi-ld:Indicator:report_the_location_and_size_in_hectares_of_its_sites_with_the_most_significant_impacts_on_biodi,success,
urn:sds:reg:esrs:bp_2_19,ESRS Official,Disclosure of extent to which data and processes that are used for sustainability reporting purposes have been verified by external assurance provider and found to conform to corresponding ISO/IEC or CEN/CENELEC standard,Disclosure of extent to which data and processes that are used for sustainability reporting purposes have been verified by external assurance provider and found to conform to corresponding ISO/IEC or CEN/CENELEC standard,Transversal,Transversal,Disclosure of extent to which data and processes that are used for sustainability reporting purposes have been verified by external assurance provider and found to conform to corresponding ISO/IEC or CEN/CENELEC standard,Disclosure of extent to which data and processes that are used for sustainability reporting purposes have been verified by external assurance provider and found to conform to corresponding ISO/IEC or CEN/CENELEC standard,urn:ngsi-ld:Indicator:Disclosure_of_extent_to_which_data_and_processes_that_are_used_for_sustainability_reporting_purp,success,
urn:sds:reg:gri:gri_101_5_b,GRI Official,"for each site reported under 101-5-a, report whether it is in or near an ecologically sensitive area, the distance to these areas, and whether these are:","for each site reported under 101-5-a, report whether it is in or near an ecologically sensitive area, the distance to these areas, and whether these are:",E,E,"for each site reported under 101-5-a, report whether it is in or near an ecologically sensitive area, the distance to these areas, and whether these are:","for each site reported under 101-5-a, report whether it is in or near an ecologically sensitive area, the distance to these areas, and whether these are:",urn:ngsi-ld:Indicator:for_each_site_reported_under_101-5-a_report_whether_it_is_in_or_near_an_ecologically_sensitive_a,success,
urn:sds:reg:esrs:bp_2_20,ESRS Official,List of DRs or DPs incorporated by reference,List of DRs or DPs incorporated by reference,Transversal,Transversal,List of DRs or DPs incorporated by reference,List of DRs or DPs incorporated by reference,urn:ngsi-ld:Indicator:List_of_DRs_or_DPs_incorporated_by_reference,success,
urn:sds:reg:gri:gri_101_5_b_i,GRI Official,areas of biodiversity importance;,areas of biodiversity importance;,E,E,areas of biodiversity importance;,areas of biodiversity importance;,urn:ngsi-ld:Indicator:areas_of_biodiversity_importance_,success,
urn:sds:reg:esrs:bp_2_21,ESRS Official,"Topics (E4, S1, S2, S3, S4) have been assessed to be material","Topics (E4, S1, S2, S3, S4) have been assessed to be material",Transversal,Transversal,"Topics (E4, S1, S2, S3, S4) have been assessed to be material","Topics (E4, S1, S2, S3, S4) have been assessed to be material",urn:ngsi-ld:Indicator:Topics_E4_S1_S2_S3_S4_have_been_assessed_to_be_material,success,
urn:sds:reg:gri:gri_101_5_b_ii,GRI Official,areas of high ecosystem integrity;,areas of high ecosystem integrity;,E,E,areas of high ecosystem integrity;,areas of high ecosystem integrity;,urn:ngsi-ld:Indicator:areas_of_high_ecosystem_integrity_,success,
urn:sds:reg:esrs:bp_2_22,ESRS Official,List of sustainability matters assessed to be material (phase-in),List of sustainability matters assessed to be material (phase-in),Transversal,Transversal,List of sustainability matters assessed to be material (phase-in),List of sustainability matters assessed to be material (phase-in),urn:ngsi-ld:Indicator:List_of_sustainability_matters_assessed_to_be_material_phase-in_,success,
urn:sds:reg:gri:gri_101_5_b_iii,GRI Official,areas of rapid decline in ecosystem integrity;,areas of rapid decline in ecosystem integrity;,E,E,areas of rapid decline in ecosystem integrity;,areas of rapid decline in ecosystem integrity;,urn:ngsi-ld:Indicator:areas_of_rapid_decline_in_ecosystem_integrity_,success,
urn:sds:reg:esrs:bp_2_23,ESRS Official,Disclosure of how business model and strategy take account of impacts related to sustainability matters assessed to be material (phase-in),Disclosure of how business model and strategy take account of impacts related to sustainability matters assessed to be material (phase-in),Transversal,Transversal,Disclosure of how business model and strategy take account of impacts related to sustainability matters assessed to be material (phase-in),Disclosure of how business model and strategy take account of impacts related to sustainability matters assessed to be material (phase-in),urn:ngsi-ld:Indicator:Disclosure_of_how_business_model_and_strategy_take_account_of_impacts_related_to_sustainability_,success,
urn:sds:reg:gri:gri_101_5_b_iv,GRI Official,areas of high physical water risks;,areas of high physical water risks;,E,E,areas of high physical water risks;,areas of high physical water risks;,urn:ngsi-ld:Indicator:areas_of_high_physical_water_risks_,success,
urn:sds:reg:esrs:bp_2_24,ESRS Official,Description of any time-bound targets set related to sustainability matters assessed to be material (phase-in) and progress made towards achieving those targets,Description of any time-bound targets set related to sustainability matters assessed to be material (phase-in) and progress made towards achieving those targets,Transversal,Transversal,Description of any time-bound targets set related to sustainability matters assessed to be material (phase-in) and progress made towards achieving those targets,Description of any time-bound targets set related to sustainability matters assessed to be material (phase-in) and progress made towards achieving those targets,urn:ngsi-ld:Indicator:Description_of_any_time-bound_targets_set_related_to_sustainability_matters_assessed_to_be_mater,success,
urn:sds:reg:gri:gri_101_5_b_v,GRI Official,"areas important for the delivery of ecosystem service benefits to Indigenous Peoples, local communities, and other stakeholders;","areas important for the delivery of ecosystem service benefits to Indigenous Peoples, local communities, and other stakeholders;",E,E,"areas important for the delivery of ecosystem service benefits to Indigenous Peoples, local communities, and other stakeholders;","areas important for the delivery of ecosystem service benefits to Indigenous Peoples, local communities, and other stakeholders;",urn:ngsi-ld:Indicator:areas_important_for_the_delivery_of_ecosystem_service_benefits_to_Indigenous_Peoples_local_commu,success,
urn:sds:reg:esrs:bp_2_25,ESRS Official,Description of policies related to sustainability matters assessed to be material (phase-in),Description of policies related to sustainability matters assessed to be material (phase-in),Transversal,Transversal,Description of policies related to sustainability matters assessed to be material (phase-in),Description of policies related to sustainability matters assessed to be material (phase-in),urn:ngsi-ld:Indicator:Description_of_policies_related_to_sustainability_matters_assessed_to_be_material_phase-in_,success,
urn:sds:reg:gri:gri_101_5_c,GRI Official,report the activities that take place in each site reported under 101-5-a;,report the activities that take place in each site reported under 101-5-a;,E,E,report the activities that take place in each site reported under 101-5-a;,report the activities that take place in each site reported under 101-5-a;,urn:ngsi-ld:Indicator:report_the_activities_that_take_place_in_each_site_reported_under_101-5-a_,success,
urn:sds:reg:esrs:bp_2_26,ESRS Official,"Description of actions taken to identify, monitor, prevent, mitigate, remediate or bring end to actual or potential adverse impacts related to sustainability matters assessed to be material (phase-in) and result of such actions","Description of actions taken to identify, monitor, prevent, mitigate, remediate or bring end to actual or potential adverse impacts related to sustainability matters assessed to be material (phase-in) and result of such actions",Transversal,Transversal,"Description of actions taken to identify, monitor, prevent, mitigate, remediate or bring end to actual or potential adverse impacts related to sustainability matters assessed to be material (phase-in) and result of such actions","Description of actions taken to identify, monitor, prevent, mitigate, remediate or bring end to actual or potential adverse impacts related to sustainability matters assessed to be material (phase-in) and result of such actions",urn:ngsi-ld:Indicator:Description_of_actions_taken_to_identify_monitor_prevent_mitigate_remediate_or_bring_end_to_actu,success,
urn:sds:reg:gri:gri_101_5_d,GRI Official,report the products and services in its supply chain with the most significant impacts on biodiversity and the countries or jurisdictions where the activities associated with these products and services take place.,report the products and services in its supply chain with the most significant impacts on biodiversity and the countries or jurisdictions where the activities associated with these products and services take place.,E,E,report the products and services in its supply chain with the most significant impacts on biodiversity and the countries or jurisdictions where the activities associated with these products and services take place.,report the products and services in its supply chain with the most significant impacts on biodiversity and the countries or jurisdictions where the activities associated with these products and services take place.,urn:ngsi-ld:Indicator:report_the_products_and_services_in_its_supply_chain_with_the_most_significant_impacts_on_biodiv,success,
urn:sds:reg:esrs:bp_2_27,ESRS Official,Disclosure of metrics related to sustainability matters assessed to be material (phase-in),Disclosure of metrics related to sustainability matters assessed to be material (phase-in),Transversal,Transversal,Disclosure of metrics related to sustainability matters assessed to be material (phase-in),Disclosure of metrics related to sustainability matters assessed to be material (phase-in),urn:ngsi-ld:Indicator:Disclosure_of_metrics_related_to_sustainability_matters_assessed_to_be_material_phase-in_,success,
urn:sds:reg:gri:gri_101_6_a,GRI Official,"for each site reported under 101-5-a where its activities lead or could lead to land and sea use change, report:","for each site reported under 101-5-a where its activities lead or could lead to land and sea use change, report:",E,E,"for each site reported under 101-5-a where its activities lead or could lead to land and sea use change, report:","for each site reported under 101-5-a where its activities lead or could lead to land and sea use change, report:",urn:ngsi-ld:Indicator:for_each_site_reported_under_101-5-a_where_its_activities_lead_or_could_lead_to_land_and_sea_use,success,
urn:sds:reg:esrs:e1_1_01,ESRS Official,Disclosure of transition plan for climate change mitigation,Disclosure of transition plan for climate change mitigation,E,E,Disclosure of transition plan for climate change mitigation,Disclosure of transition plan for climate change mitigation,urn:ngsi-ld:Indicator:Disclosure_of_transition_plan_for_climate_change_mitigation,success,
urn:sds:reg:gri:gri_101_6_a_i,GRI Official,"the size in hectares of natural ecosystem converted since a cut-off or reference date, the cut-off date or reference date, and the type of ecosystem before and after conversion;","the size in hectares of natural ecosystem converted since a cut-off or reference date, the cut-off date or reference date, and the type of ecosystem before and after conversion;",E,E,"the size in hectares of natural ecosystem converted since a cut-off or reference date, the cut-off date or reference date, and the type of ecosystem before and after conversion;","the size in hectares of natural ecosystem converted since a cut-off or reference date, the cut-off date or reference date, and the type of ecosystem before and after conversion;",urn:ngsi-ld:Indicator:the_size_in_hectares_of_natural_ecosystem_converted_since_a_cut-off_or_reference_date_the_cut-of,success,
urn:sds:reg:esrs:e1_1_02,ESRS Official,Explanation of how targets are compatible with limiting of global warming to one and half degrees Celsius in line with Paris Agreement,Explanation of how targets are compatible with limiting of global warming to one and half degrees Celsius in line with Paris Agreement,E,E,Explanation of how targets are compatible with limiting of global warming to one and half degrees Celsius in line with Paris Agreement,Explanation of how targets are compatible with limiting of global warming to one and half degrees Celsius in line with Paris Agreement,urn:ngsi-ld:Indicator:Explanation_of_how_targets_are_compatible_with_limiting_of_global_warming_to_one_and_half_degree,success,
urn:sds:reg:gri:gri_101_6_a_ii,GRI Official,"the size in hectares of land and sea converted from one intensively used or modified ecosystem to another during the reporting period, and the type of ecosystem before and after conversion;","the size in hectares of land and sea converted from one intensively used or modified ecosystem to another during the reporting period, and the type of ecosystem before and after conversion;",E,E,"the size in hectares of land and sea converted from one intensively used or modified ecosystem to another during the reporting period, and the type of ecosystem before and after conversion;","the size in hectares of land and sea converted from one intensively used or modified ecosystem to another during the reporting period, and the type of ecosystem before and after conversion;",urn:ngsi-ld:Indicator:the_size_in_hectares_of_land_and_sea_converted_from_one_intensively_used_or_modified_ecosystem_t,success,
urn:sds:reg:esrs:e1_1_03,ESRS Official,Disclosure of decarbonisation levers and key action,Disclosure of decarbonisation levers and key action,E,E,Disclosure of decarbonisation levers and key action,Disclosure of decarbonisation levers and key action,urn:ngsi-ld:Indicator:Disclosure_of_decarbonisation_levers_and_key_action,success,
urn:sds:reg:gri:gri_101_6_b,GRI Official,"for each site reported under 101-5-a where its activities lead or could lead to the exploitation of natural resources, report:","for each site reported under 101-5-a where its activities lead or could lead to the exploitation of natural resources, report:",E,E,"for each site reported under 101-5-a where its activities lead or could lead to the exploitation of natural resources, report:","for each site reported under 101-5-a where its activities lead or could lead to the exploitation of natural resources, report:",urn:ngsi-ld:Indicator:for_each_site_reported_under_101-5-a_where_its_activities_lead_or_could_lead_to_the_exploitation,success,
urn:sds:reg:esrs:e1_1_04,ESRS Official,Disclosure of significant operational expenditures (Opex) and (or) capital expenditures (Capex) required for implementation of action plan,Disclosure of significant operational expenditures (Opex) and (or) capital expenditures (Capex) required for implementation of action plan,E,E,Disclosure of significant operational expenditures (Opex) and (or) capital expenditures (Capex) required for implementation of action plan,Disclosure of significant operational expenditures (Opex) and (or) capital expenditures (Capex) required for implementation of action plan,urn:ngsi-ld:Indicator:Disclosure_of_significant_operational_expenditures_Opex_and_or_capital_expenditures_Capex_requir,success,
urn:sds:reg:gri:gri_101_6_b_i,GRI Official,"for each wild species harvested, the quantity, the type, and extinction risk;","for each wild species harvested, the quantity, the type, and extinction risk;",E,E,"for each wild species harvested, the quantity, the type, and extinction risk;","for each wild species harvested, the quantity, the type, and extinction risk;",urn:ngsi-ld:Indicator:for_each_wild_species_harvested_the_quantity_the_type_and_extinction_risk_,success,
urn:sds:reg:esrs:e1_1_05,ESRS Official,Financial resources allocated to action plan (OpEx),Financial resources allocated to action plan (OpEx),E,E,Financial resources allocated to action plan (OpEx),Financial resources allocated to action plan (OpEx),urn:ngsi-ld:Indicator:Financial_resources_allocated_to_action_plan_OpEx_,success,
urn:sds:reg:gri:gri_101_6_b_ii,GRI Official,water withdrawal and water consumption in megaliters;,water withdrawal and water consumption in megaliters;,E,E,water withdrawal and water consumption in megaliters;,water withdrawal and water consumption in megaliters;,urn:ngsi-ld:Indicator:water_withdrawal_and_water_consumption_in_megaliters_,success,
urn:sds:reg:esrs:e1_1_06,ESRS Official,Financial resources allocated to action plan (CapEx),Financial resources allocated to action plan (CapEx),E,E,Financial resources allocated to action plan (CapEx),Financial resources allocated to action plan (CapEx),urn:ngsi-ld:Indicator:Financial_resources_allocated_to_action_plan_CapEx_,success,
urn:sds:reg:gri:gri_101_6_c,GRI Official,"for each site reported under 101-5-a where its activities lead or could lead to pollution, report the quantity and the type of each pollutant generated;","for each site reported under 101-5-a where its activities lead or could lead to pollution, report the quantity and the type of each pollutant generated;",E,E,"for each site reported under 101-5-a where its activities lead or could lead to pollution, report the quantity and the type of each pollutant generated;","for each site reported under 101-5-a where its activities lead or could lead to pollution, report the quantity and the type of each pollutant generated;",urn:ngsi-ld:Indicator:for_each_site_reported_under_101-5-a_where_its_activities_lead_or_could_lead_to_pollution_report,success,
urn:sds:reg:esrs:e1_1_07,ESRS Official,Explanation of potential locked-in GHG emissions from key assets and products and of how locked-in GHG emissions may jeopardise achievement of GHG emission reduction targets and drive transition risk,Explanation of potential locked-in GHG emissions from key assets and products and of how locked-in GHG emissions may jeopardise achievement of GHG emission reduction targets and drive transition risk,E,E,Explanation of potential locked-in GHG emissions from key assets and products and of how locked-in GHG emissions may jeopardise achievement of GHG emission reduction targets and drive transition risk,Explanation of potential locked-in GHG emissions from key assets and products and of how locked-in GHG emissions may jeopardise achievement of GHG emission reduction targets and drive transition risk,urn:ngsi-ld:Indicator:Explanation_of_potential_locked-in_GHG_emissions_from_key_assets_and_products_and_of_how_locked-,success,
urn:sds:reg:gri:gri_101_6_d,GRI Official,"for each site reported under 101-5-a where its activities lead or could lead to the introduction of invasive alien species, describe how invasive alien species are or may be introduced;","for each site reported under 101-5-a where its activities lead or could lead to the introduction of invasive alien species, describe how invasive alien species are or may be introduced;",E,E,"for each site reported under 101-5-a where its activities lead or could lead to the introduction of invasive alien species, describe how invasive alien species are or may be introduced;","for each site reported under 101-5-a where its activities lead or could lead to the introduction of invasive alien species, describe how invasive alien species are or may be introduced;",urn:ngsi-ld:Indicator:for_each_site_reported_under_101-5-a_where_its_activities_lead_or_could_lead_to_the_introduction,success,
urn:sds:reg:esrs:e1_1_08,ESRS Official,"Explanation of any objective or plans (CapEx, CapEx plans, OpEx) for aligning economic activities (revenues, CapEx, OpEx) with criteria established in Commission Delegated Regulation 2021/2139","Explanation of any objective or plans (CapEx, CapEx plans, OpEx) for aligning economic activities (revenues, CapEx, OpEx) with criteria established in Commission Delegated Regulation 2021/2139",E,E,"Explanation of any objective or plans (CapEx, CapEx plans, OpEx) for aligning economic activities (revenues, CapEx, OpEx) with criteria established in Commission Delegated Regulation 2021/2139","Explanation of any objective or plans (CapEx, CapEx plans, OpEx) for aligning economic activities (revenues, CapEx, OpEx) with criteria established in Commission Delegated Regulation 2021/2139",urn:ngsi-ld:Indicator:Explanation_of_any_objective_or_plans_CapEx_CapEx_plans_OpEx_for_aligning_economic_activities_re,success,
urn:sds:reg:gri:gri_101_6_e,GRI Official,"for each product and service in its supply chain reported under 101-5-d, report the information required under 101-6-a, 101-6-b, 101-6-c, and 101-6-d, with a breakdown by country or jurisdiction;","for each product and service in its supply chain reported under 101-5-d, report the information required under 101-6-a, 101-6-b, 101-6-c, and 101-6-d, with a breakdown by country or jurisdiction;",E,E,"for each product and service in its supply chain reported under 101-5-d, report the information required under 101-6-a, 101-6-b, 101-6-c, and 101-6-d, with a breakdown by country or jurisdiction;","for each product and service in its supply chain reported under 101-5-d, report the information required under 101-6-a, 101-6-b, 101-6-c, and 101-6-d, with a breakdown by country or jurisdiction;",urn:ngsi-ld:Indicator:for_each_product_and_service_in_its_supply_chain_reported_under_101-5-d_report_the_information_r,success,
urn:sds:reg:esrs:e1_1_09,ESRS Official,Significant CapEx for coal-related economic activities,Significant CapEx for coal-related economic activities,E,E,Significant CapEx for coal-related economic activities,Significant CapEx for coal-related economic activities,urn:ngsi-ld:Indicator:Significant_CapEx_for_coal-related_economic_activities,success,
urn:sds:reg:gri:gri_101_6_f,GRI Official,"report contextual information necessary to understand how the data has been compiled, including standards, methodologies, and assumptions used.","report contextual information necessary to understand how the data has been compiled, including standards, methodologies, and assumptions used.",E,E,"report contextual information necessary to understand how the data has been compiled, including standards, methodologies, and assumptions used.","report contextual information necessary to understand how the data has been compiled, including standards, methodologies, and assumptions used.",urn:ngsi-ld:Indicator:report_contextual_information_necessary_to_understand_how_the_data_has_been_compiled_including_s,success,
urn:sds:reg:esrs:e1_1_10,ESRS Official,Significant CapEx for oil-related economic activities,Significant CapEx for oil-related economic activities,E,E,Significant CapEx for oil-related economic activities,Significant CapEx for oil-related economic activities,urn:ngsi-ld:Indicator:Significant_CapEx_for_oil-related_economic_activities,success,
urn:sds:reg:gri:gri_101_7_a,GRI Official,"for each site reported under 101-5-a, report the following information on affected or potentially affected ecosystems:","for each site reported under 101-5-a, report the following information on affected or potentially affected ecosystems:",E,E,"for each site reported under 101-5-a, report the following information on affected or potentially affected ecosystems:","for each site reported under 101-5-a, report the following information on affected or potentially affected ecosystems:",urn:ngsi-ld:Indicator:for_each_site_reported_under_101-5-a_report_the_following_information_on_affected_or_potentially,success,
urn:sds:reg:esrs:e1_1_11,ESRS Official,Significant CapEx for gas-related economic activities,Significant CapEx for gas-related economic activities,E,E,Significant CapEx for gas-related economic activities,Significant CapEx for gas-related economic activities,urn:ngsi-ld:Indicator:Significant_CapEx_for_gas-related_economic_activities,success,
urn:sds:reg:gri:gri_101_7_a_i,GRI Official,the ecosystem type for the base year;,the ecosystem type for the base year;,E,E,the ecosystem type for the base year;,the ecosystem type for the base year;,urn:ngsi-ld:Indicator:the_ecosystem_type_for_the_base_year_,success,
urn:sds:reg:esrs:e1_1_12,ESRS Official,Undertaking is excluded from EU Paris-aligned Benchmarks,Undertaking is excluded from EU Paris-aligned Benchmarks,E,E,Undertaking is excluded from EU Paris-aligned Benchmarks,Undertaking is excluded from EU Paris-aligned Benchmarks,urn:ngsi-ld:Indicator:Undertaking_is_excluded_from_EU_Paris-aligned_Benchmarks,success,
urn:sds:reg:gri:gri_101_7_a_ii,GRI Official,the ecosystem size in hectares for the base year;,the ecosystem size in hectares for the base year;,E,E,the ecosystem size in hectares for the base year;,the ecosystem size in hectares for the base year;,urn:ngsi-ld:Indicator:the_ecosystem_size_in_hectares_for_the_base_year_,success,
urn:sds:reg:esrs:e1_1_13,ESRS Official,Explanation of how transition plan is embedded in and aligned with overall business strategy and financial planning,Explanation of how transition plan is embedded in and aligned with overall business strategy and financial planning,E,E,Explanation of how transition plan is embedded in and aligned with overall business strategy and financial planning,Explanation of how transition plan is embedded in and aligned with overall business strategy and financial planning,urn:ngsi-ld:Indicator:Explanation_of_how_transition_plan_is_embedded_in_and_aligned_with_overall_business_strategy_and,success,
urn:sds:reg:gri:gri_101_7_a_iii,GRI Official,the ecosystem condition for the base year and the current reporting period;,the ecosystem condition for the base year and the current reporting period;,E,E,the ecosystem condition for the base year and the current reporting period;,the ecosystem condition for the base year and the current reporting period;,urn:ngsi-ld:Indicator:the_ecosystem_condition_for_the_base_year_and_the_current_reporting_period_,success,
urn:sds:reg:esrs:e1_1_14,ESRS Official,"Transition plan is approved by administrative, management and supervisory bodies","Transition plan is approved by administrative, management and supervisory bodies",E,E,"Transition plan is approved by administrative, management and supervisory bodies","Transition plan is approved by administrative, management and supervisory bodies",urn:ngsi-ld:Indicator:Transition_plan_is_approved_by_administrative_management_and_supervisory_bodies,success,
urn:sds:reg:gri:gri_101_7_b,GRI Official,"report contextual information necessary to understand how the data has been compiled, including standards, methodologies, and assumptions used.","report contextual information necessary to understand how the data has been compiled, including standards, methodologies, and assumptions used.",E,E,"report contextual information necessary to understand how the data has been compiled, including standards, methodologies, and assumptions used.","report contextual information necessary to understand how the data has been compiled, including standards, methodologies, and assumptions used.",urn:ngsi-ld:Indicator:report_contextual_information_necessary_to_understand_how_the_data_has_been_compiled_including_s,success,
urn:sds:reg:esrs:e1_1_15,ESRS Official,Explanation of progress in implementing transition plan,Explanation of progress in implementing transition plan,E,E,Explanation of progress in implementing transition plan,Explanation of progress in implementing transition plan,urn:ngsi-ld:Indicator:Explanation_of_progress_in_implementing_transition_plan,success,
urn:sds:reg:gri:gri_101_8_a,GRI Official,"for each site reported under 101-5-a, list the ecosystem services and beneficiaries affected or potentially affected by the organization’s activities;","for each site reported under 101-5-a, list the ecosystem services and beneficiaries affected or potentially affected by the organization’s activities;",E,E,"for each site reported under 101-5-a, list the ecosystem services and beneficiaries affected or potentially affected by the organization’s activities;","for each site reported under 101-5-a, list the ecosystem services and beneficiaries affected or potentially affected by the organization’s activities;",urn:ngsi-ld:Indicator:for_each_site_reported_under_101-5-a_list_the_ecosystem_services_and_beneficiaries_affected_or_p,success,
urn:sds:reg:esrs:e1_1_16,ESRS Official,Date of adoption of transition plan for undertakings not having adopted transition plan yet,Date of adoption of transition plan for undertakings not having adopted transition plan yet,E,E,Date of adoption of transition plan for undertakings not having adopted transition plan yet,Date of adoption of transition plan for undertakings not having adopted transition plan yet,urn:ngsi-ld:Indicator:Date_of_adoption_of_transition_plan_for_undertakings_not_having_adopted_transition_plan_yet,success,
urn:sds:reg:gri:gri_101_8_b,GRI Official,explain how the ecosystem services and beneficiaries are or could be affected by the organization's activities.,explain how the ecosystem services and beneficiaries are or could be affected by the organization's activities.,E,E,explain how the ecosystem services and beneficiaries are or could be affected by the organization's activities.,explain how the ecosystem services and beneficiaries are or could be affected by the organization's activities.,urn:ngsi-ld:Indicator:explain_how_the_ecosystem_services_and_beneficiaries_are_or_could_be_affected_by_the_organizatio,success,
urn:sds:reg:esrs:e1_2_01,ESRS Official,Sustainability matters addressed by policy for climate change,Sustainability matters addressed by policy for climate change,E,E,Sustainability matters addressed by policy for climate change,Sustainability matters addressed by policy for climate change,urn:ngsi-ld:Indicator:Sustainability_matters_addressed_by_policy_for_climate_change,success,
urn:sds:reg:gri:gri_201_1_a,GRI Official,"Direct economic value generated and distributed (EVG&D) on an accruals basis, including the basic components for the organization’s global operations as listed below. If data are presented on a cash basis, report the justification for this decision in addition to reporting the following basic components:","Direct economic value generated and distributed (EVG&D) on an accruals basis, including the basic components for the organization’s global operations as listed below. If data are presented on a cash basis, report the justification for this decision in addition to reporting the following basic components:",G,G,"Direct economic value generated and distributed (EVG&D) on an accruals basis, including the basic components for the organization’s global operations as listed below. If data are presented on a cash basis, report the justification for this decision in addition to reporting the following basic components:","Direct economic value generated and distributed (EVG&D) on an accruals basis, including the basic components for the organization’s global operations as listed below. If data are presented on a cash basis, report the justification for this decision in addition to reporting the following basic components:",urn:ngsi-ld:Indicator:Direct_economic_value_generated_and_distributed_EVG_D_on_an_accruals_basis_including_the_basic_c,success,
